"Posición
iberoamericana","Posición
global",Universidad,País
1,101-150,Universidad de São Paulo,Brasil Brasil
2=,151-200,Universidad de Barcelona,España España
2=,151-200,Universidad de Lisboa,Portugal
4=,201-300,Universidad Autónoma de Barcelona,España España
4=,201-300,Universidad de Buenos Aires,Argentina
4=,201-300,Universidad Complutense de Madrid,España España
4=,201-300,Universidad de Granada,España España
4=,201-300,Universidad Nacional Autónoma de México,México México
4=,201-300,Universidad de Valencia,España España
10=,301-400,Universidad Autónoma de Madrid,España España
10=,301-400,Universidad Estatal de Campinas,Brasil Brasil
10=,301-400,Universidad Estatal Paulista,Brasil Brasil
10=,301-400,Universidad de Oporto,Portugal
10=,301-400,Universidad del País Vasco,España España
10=,301-400,Universidad Politécnica de Valencia,España España
10=,301-400,Universidad Pompeu Fabra,España España
17=,401-500,Universidad de Chile,Chile Chile
17=,401-500,Universidad Federal de Minas Gerais,Brasil Brasil
17=,401-500,Universidad Federal de Río Grande del Sur,Brasil Brasil
17=,401-500,Universidad Federal de Río de Janeiro,Brasil Brasil
17=,401-500,Universidad del Miño,Portugal
17=,401-500,Universidad Nueva de Lisboa,Portugal
17=,401-500,Universidad de Oviedo,España España
17=,401-500,Universidad de Santiago de Compostela,España España
17=,401-500,Universidad de Sevilla,España España
17=,401-500,Universidad de Zaragoza,España España
27=,501-600,Instituto Politécnico Nacional,México México
27=,501-600,Pontificia Universidad Católica de Chile,Chile Chile
27=,501-600,Universidad de Coímbra,Portugal
27=,501-600,Universidad de las Islas Baleares,España España
27=,501-600,Universidad de Navarra,España España
27=,501-600,Universidad Politécnica de Madrid,España España
27=,501-600,Universidad Rovira i Virgili,España España
27=,501-600,Universidad de Vigo,España España
35=,601-700,Universidad de Alicante,España España
35=,601-700,Universidad de Aveiro,Portugal
35=,601-700,Universidad Federal de Paraná,Brasil Brasil
35=,601-700,Universidad Federal de São Paulo,Brasil Brasil
35=,601-700,Universidad Jaime I,España España
35=,601-700,Universidad de La Laguna,España España
35=,601-700,Universidad Miguel Hernández de Elche,España España
42=,701-800,Universidad de Brasilia,Brasil Brasil
42=,701-800,Universidad de Córdoba,España España
42=,701-800,Universidad de Extremadura,España España
42=,701-800,Universidad Federal Fluminense,Brasil Brasil
42=,701-800,Universidad Federal de São Carlos,Brasil Brasil
42=,701-800,Universidad Federal de Santa Catarina,Brasil Brasil
42=,701-800,Universidad de Jaén,España España
42=,701-800,Universidad de Lérida,España España
42=,701-800,Universidad de Málaga,España España
42=,701-800,Universidad de Murcia,España España
42=,701-800,Universidad Nacional de Colombia,Colombia Colombia
42=,701-800,Universidad Politécnica de Cataluña,España España
42=,701-800,Universidad de Salamanca,España España
55=,801-900,Universidad de Alcalá,España España
55=,801-900,Universidad de Cantabria,España España
55=,801-900,Universidad de Castilla-La Mancha,España España
55=,801-900,Universidad de Concepción,Chile Chile
55=,801-900,Universidad Federal de Goiás,Brasil Brasil
55=,801-900,Universidad Federal de Pelotas,Brasil Brasil
55=,801-900,Universidad Federal de Pernambuco,Brasil Brasil
55=,801-900,Universidad Federal de Río Grande del Norte,Brasil Brasil
55=,801-900,Universidad Federal de Viçosa,Brasil Brasil
55=,801-900,Universidad de Gerona,España España
55=,801-900,Universidad de Las Palmas de Gran Canaria,España España
55=,801-900,Universidad Pablo Olavide,España España
55=,801-900,Universidad de Valladolid,España España
68=,901-1000,Universidad Andrés Bello,Chile Chile
68=,901-1000,Universidad de Cádiz,España España
68=,901-1000,Universidad Carlos III de Madrid,España España
68=,901-1000,Universidad de Costa Rica,Costa Rica Costa Rica
68=,901-1000,Universidad Estatal de Río de Janeiro,Brasil Brasil
68=,901-1000,Universidad Federal de Bahía,Brasil Brasil
68=,901-1000,Universidad Federal de Ceara,Brasil Brasil
68=,901-1000,Universidad Federal de Mato Grueso del Sur,Brasil Brasil
68=,901-1000,Universidad Federal de Santa María,Brasil Brasil
68=,901-1000,Universidad de la República,Uruguay Uruguay
68=,901-1000,Universidad Rey Juan Carlos,España España
